{
    "Introdução à Inteligência Artificial  Tom Taulli.pdf": {
        "path": "G:\\Projetos2025BKP\\Ebooks\\Introdução à Inteligência Artificial  Tom Taulli.pdf",
        "type": ".pdf",
        "added_at": "2025-06-21T02:58:05.140398",
        "chunks": 1,
        "hash": "2d7e0f5f811384cc33496ce81f0bea36"
    },
    "a-practical-guide-to-building-agents.pdf": {
        "path": "G:\\Projetos2025BKP\\Ebooks\\a-practical-guide-to-building-agents.pdf",
        "type": ".pdf",
        "added_at": "2025-06-21T02:58:22.670706",
        "chunks": 1,
        "hash": "2a55c012ca43cb03f12eedae103e7bd8"
    },
    "Ética na inteligência artificial Mark Coeckelbergh.pdf": {
        "path": "G:\\Projetos2025BKP\\Ebooks\\Ética na inteligência artificial Mark Coeckelbergh.pdf",
        "type": ".pdf",
        "added_at": "2025-06-21T02:58:46.186114",
        "chunks": 1,
        "hash": "bad28f0112872879fc23489eeafe5f13"
    },
    "identifying-and-scaling-ai-use-cases.pdf": {
        "path": "G:\\Projetos2025BKP\\Ebooks\\identifying-and-scaling-ai-use-cases.pdf",
        "type": ".pdf",
        "added_at": "2025-06-21T02:58:46.472109",
        "chunks": 1,
        "hash": "091fc565d04d82f0afa7f65d8af6aeb9"
    },
    "Fundamentos_da_Inteligência_Artificial_João_Luís_Garcia_Rosa_Z_Library.pdf": {
        "path": "G:\\Projetos2025BKP\\Ebooks\\Fundamentos_da_Inteligência_Artificial_João_Luís_Garcia_Rosa_Z_Library.pdf",
        "type": ".pdf",
        "added_at": "2025-06-21T02:58:46.765998",
        "chunks": 1,
        "hash": "a8d9a4f1f327b85519574580c0c7de84"
    },
    "ai-in-the-enterprise.pdf": {
        "path": "G:\\Projetos2025BKP\\Ebooks\\ai-in-the-enterprise.pdf",
        "type": ".pdf",
        "added_at": "2025-06-21T02:58:47.036108",
        "chunks": 1,
        "hash": "72773a280b420759fa175cba201e9649"
    },
    "ia_veja.pdf": {
        "path": "G:\\Projetos2025BKP\\Ebooks\\ia_veja.pdf",
        "type": ".pdf",
        "added_at": "2025-06-21T02:58:47.384517",
        "chunks": 1,
        "hash": "0695a0cc40795eff69ff2a64082228a0"
    },
    "Inteligência Artificial - Isaías Lima.pdf": {
        "path": "G:\\Projetos2025BKP\\Ebooks\\Inteligência Artificial - Isaías Lima.pdf",
        "type": ".pdf",
        "added_at": "2025-06-21T02:58:47.697798",
        "chunks": 1,
        "hash": "fba05b12f1fa3baaf9851962c6ec2b5e"
    },
    "Inteligência Artificial ( PDFDrive ).pdf": {
        "path": "G:\\Projetos2025BKP\\Ebooks\\Inteligência Artificial ( PDFDrive ).pdf",
        "type": ".pdf",
        "added_at": "2025-06-21T02:58:48.696517",
        "chunks": 1,
        "hash": "050ff2df9e1a627d780ea4569dd70b8a"
    }
}