{
  "5bc459c59454": "React Native é um framework de desenvolvimento móvel criado pelo Facebook. Permite criar aplicações nativas para iOS e Android usando JavaScript e React. É uma excelente opção para desenvolvimento cross-platform.",
  "7c1d0eef9ba9": "Flutter é o framework de desenvolvimento móvel do Google que usa a linguagem Dart. Oferece performance nativa e um único codebase para múltiplas plataformas. Tem widgets personalizáveis e hot reload.",
  "ea59c1a66ccc": "Docker é uma plataforma de containerização que permite empacotar aplicações com suas dependências. Facilita o deployment e garante consistência entre ambientes de desenvolvimento e produção.",
  "8db21af2d3e4": "APIs REST são interfaces de programação que seguem os princípios REST. Usam métodos HTTP como GET, POST, PUT, DELETE para operações CRUD. São stateless e amplamente utilizadas em aplicações web.",
  "c665962d75a3": "Bancos de dados NoSQL como MongoDB e Firebase oferecem flexibilidade para dados não estruturados. São escaláveis horizontalmente e ideais para aplicações modernas com grandes volumes de dados."
}