{
  "5bc459c59454": {
    "topic": "mobile",
    "framework": "react-native",
    "added_at": "2025-06-21T10:34:48.721020",
    "length": 212,
    "tokens": 25
  },
  "7c1d0eef9ba9": {
    "topic": "mobile",
    "framework": "flutter",
    "added_at": "2025-06-21T10:34:48.724020",
    "length": 199,
    "tokens": 22
  },
  "ea59c1a66ccc": {
    "topic": "devops",
    "tool": "docker",
    "added_at": "2025-06-21T10:34:48.726022",
    "length": 190,
    "tokens": 19
  },
  "8db21af2d3e4": {
    "topic": "backend",
    "type": "api",
    "added_at": "2025-06-21T10:34:48.728023",
    "length": 194,
    "tokens": 26
  },
  "c665962d75a3": {
    "topic": "database",
    "type": "nosql",
    "added_at": "2025-06-21T10:34:48.730024",
    "length": 192,
    "tokens": 23
  }
}