{
  "ambientes": 0,
  "amplamente": 1,
  "android": 2,
  "apis": 3,
  "aplicações": 4,
  "bancos": 5,
  "codebase": 6,
  "com": 7,
  "como": 8,
  "consistência": 9,
  "containerização": 10,
  "criado": 11,
  "criar": 12,
  "cross": 13,
  "crud": 14,
  "dados": 15,
  "dart": 16,
  "delete": 17,
  "dependências": 18,
  "deployment": 19,
  "desenvolvimento": 20,
  "docker": 21,
  "empacotar": 22,
  "entre": 23,
  "escaláveis": 24,
  "estruturados": 25,
  "excelente": 26,
  "facebook": 27,
  "facilita": 28,
  "firebase": 29,
  "flexibilidade": 30,
  "flutter": 31,
  "framework": 32,
  "garante": 33,
  "get": 34,
  "google": 35,
  "grandes": 36,
  "horizontalmente": 37,
  "hot": 38,
  "http": 39,
  "ideais": 40,
  "interfaces": 41,
  "ios": 42,
  "javascript": 43,
  "linguagem": 44,
  "modernas": 45,
  "mongodb": 46,
  "métodos": 47,
  "móvel": 48,
  "múltiplas": 49,
  "nativa": 50,
  "nativas": 51,
  "native": 52,
  "nosql": 53,
  "não": 54,
  "oferece": 55,
  "oferecem": 56,
  "operações": 57,
  "opção": 58,
  "para": 59,
  "pelo": 60,
  "performance": 61,
  "permite": 62,
  "personalizáveis": 63,
  "plataforma": 64,
  "plataformas": 65,
  "platform": 66,
  "post": 67,
  "princípios": 68,
  "produção": 69,
  "programação": 70,
  "put": 71,
  "que": 72,
  "react": 73,
  "reload": 74,
  "rest": 75,
  "seguem": 76,
  "stateless": 77,
  "suas": 78,
  "são": 79,
  "tem": 80,
  "uma": 81,
  "usa": 82,
  "usam": 83,
  "usando": 84,
  "utilizadas": 85,
  "volumes": 86,
  "web": 87,
  "widgets": 88,
  "único": 89
}